"meanS","sdmeanS","meanFDR","sdmeanFDR"
173.88,1.65921242117634,0.0387958788824987,0.00159262439101731
312.78,5.55942334049026,0.165489995778456,0.00341996368114541
