"meanS","sdmeanS","meanFDR","sdmeanFDR"
1.6,1.0770329614269,0.0416666666666667,0.0334488738299786
30.1,2.26789182575654,0.19910143231403,0.0131795207662203
