"meanS","sdmeanS","meanFDR","sdmeanFDR"
0.2,0.133333333333333,0,0
2.7,0.931545907498808,0.0740079365079365,0.0415858058921632
