"meanS","sdmeanS","meanFDR","sdmeanFDR"
5.86,0.476523606419186,0.0387075363147345,0.00892662185485552
18.42,0.742665143352989,0.0912415176481419,0.00689508044075756
