"meanS","sdmeanS","meanFDR","sdmeanFDR"
1.4,0.871779788708135,0.0181818181818182,0.0181818181818182
7.6,1.9731531449265,0.139400371132435,0.047133986609617
