"meanS","sdmeanS","meanFDR","sdmeanFDR"
446.85,5.66250069681357,0.0428751141910705,0.00138230056452454
1001.19,2.86595110872041,0.171573408635417,0.00105612925804414
