"meanS","sdmeanS","meanFDR","sdmeanFDR"
6.63,0.531940415893177,0.030469109107267,0.00764962683192293
63.51,1.33026123355338,0.169092398233642,0.00396120376776434
