"","meanS","sdmeanS","meanFDR","sdmeanFDR"
"Megan_ni_4m11_400mnds_2nrep_50_Megan",85.8,1.47440752542179,0.0466146616972242,0.00318619834853883
"Megan_ni_4m11_400mnds_2nrep_50_Daisy",198.18,1.30765095511309,0.171085762388604,0.00318467081308184
"Megan_ni_4m11_400mnds_1nrep_50_Megan",4.8,0.445384493374854,0.00916666666666667,0.0070720698763234
"Megan_ni_4m11_400mnds_1nrep_50_Daisy",39.64,1.20670237102812,0.156796887256466,0.00803820008982946
"Megan_ni_4m11_100mnds_2nrep_50_Megan",22.58,1.00816665289028,0.0407015709841679,0.00652914409645864
"Megan_ni_4m11_100mnds_2nrep_50_Daisy",33.78,0.861555309321699,0.0830177317380684,0.00678742743996952
"Megan_ni_4m11_100mnds_1nrep_50_Megan",1.56,0.288783514708418,0.0366666666666667,0.0229808162133593
"Megan_ni_4m11_100mnds_1nrep_50_Daisy",3.48,0.451970741332233,0.0653975468975469,0.0181181154734835
