"meanS","sdmeanS","meanFDR","sdmeanFDR"
182.99,2.24924207211894,0.0451656165763879,0.00168228477946424
427.68,1.96396218770817,0.174631085814159,0.00160629600308461
