"meanS","sdmeanS","meanFDR","sdmeanFDR"
321.58,1.1701834441357,0.0439091484500816,0.00124046228076383
279.37,11.0440774840974,0.0604119923241935,0.00465901596251681
