"meanS","sdmeanS","meanFDR","sdmeanFDR"
1.4,0.581186525805423,0.0333333333333333,0.0333333333333333
1,0.421637021355784,0.0833333333333333,0.0569275042553311
