"meanS","sdmeanS","meanFDR","sdmeanFDR"
97.41,1.25247996415354,0.0322205934038086,0.00179296306017556
135.79,1.82514950266292,0.0895741034877992,0.0023279037173926
