"meanS","sdmeanS","meanFDR","sdmeanFDR"
15.59,1.05515521382047,0.0336002864790377,0.00541175953875793
205.11,2.27644481815418,0.165729288438704,0.00248291823130989
