"meanS","sdmeanS","meanFDR","sdmeanFDR"
724.2,4.87498251745117,0.0404244279540435,0.000710023425300009
1633.57,2.75813782150643,0.175648301686148,0.00082286318101011
