"meanS","sdmeanS","meanFDR","sdmeanFDR"
114.09,1.6843963040481,0.0392584499202035,0.00186803935867624
176.9,1.1908319814654,0.0918610478410805,0.00193262340116988
