"meanS","sdmeanS","meanFDR","sdmeanFDR"
27.53,1.41745646433421,0.0368592090858566,0.00612340799551718
393.33,2.79631991204602,0.165845204213652,0.00168788188906665
