"meanS","sdmeanS","meanFDR","sdmeanFDR"
486.67,0.433462684656821,0.0482549891946298,0.0010004705805088
459.81,10.2100336370008,0.0396033564349718,0.00155753341692207
