"meanS","sdmeanS","meanFDR","sdmeanFDR"
381.32,1.31984694551905,0.0426436771333442,0.00113560616979907
391.47,1.03898308869098,0.0437997478159903,0.000958533917569042
