"meanS","sdmeanS","meanFDR","sdmeanFDR"
10.46,0.54112117054512,0.0287245505182812,0.00556450455002127
13.33,0.523981455451017,0.0411127433978427,0.00622320013851332
