"meanS","sdmeanS","meanFDR","sdmeanFDR"
24.12,0.98578584762297,0.0260528815363549,0.00338681002261421
33.85,0.939844711007133,0.0422509529651968,0.00331287313237319
