"meanS","sdmeanS","meanFDR","sdmeanFDR"
0.14,0.0402517331328978,0.01,0.01
0.06,0.0342893215995531,0.005,0.005
