"meanS","sdmeanS","meanFDR","sdmeanFDR"
148.52,2.74882821683287,0.0261175391836451,0.00147976774186152
211.43,1.61715893786079,0.0437779083031202,0.00149086715486888
