"meanS","sdmeanS","meanFDR","sdmeanFDR"
71.33,1.9301465375887,0.0279598850839181,0.00220145927252186
103.67,1.47155212499104,0.0435451384706482,0.00207268043317651
