"meanS","sdmeanS","meanFDR","sdmeanFDR"
755.19,1.80798984309295,0.0424268609375774,0.000852822161789019
777.12,1.41451922802931,0.0445053402063229,0.00080167711765086
