"meanS","sdmeanS","meanFDR","sdmeanFDR"
47.77,1.30893240482618,0.0285300615561675,0.00277333572534209
67.03,1.14939202198468,0.0447887882454064,0.0027037103156357
