"meanS","sdmeanS","meanFDR","sdmeanFDR"
823.02,1.75389782363671,0.0417927144036975,0.000832238707864229
835.39,1.34516680652391,0.0395717437443115,0.000742934044831432
