"meanS","sdmeanS","meanFDR","sdmeanFDR"
392.95,0.291764053005614,0.0466206859533633,0.00117337061703867
385.7,4.52261433288761,0.0382408144834171,0.00122309438058877
