"meanS","sdmeanS","meanFDR","sdmeanFDR"
769.61,10.5528003368535,0.0205330278120852,0.000801359257591129
1066.43,3.71326464764287,0.0345903625035238,0.000574502367159792
