"meanS","sdmeanS","meanFDR","sdmeanFDR"
388.35,7.18733980936991,0.0213896616582488,0.00104707540494167
532.27,2.57736279749262,0.0346395429486398,0.000836751301573598
