"meanS","sdmeanS","meanFDR","sdmeanFDR"
1653.3,2.42455869149106,0.0424749760114548,0.000745651073763226
1673.58,1.80029066115627,0.0392579809689731,0.000550574509747196
