"meanS","sdmeanS","meanFDR","sdmeanFDR"
172.9,1.03255102351488,0.046371954382559,0.0017974644938135
179.75,0.862621679310323,0.0471337476287478,0.00157547954260774
