"meanS","sdmeanS","meanFDR","sdmeanFDR"
1289,2.06930427970857,0.0404028663699354,0.000729793156624638
1294.79,1.23666993383543,0.0343812811424477,0.000418713751978936
