"meanS","sdmeanS","meanFDR","sdmeanFDR"
593.19,0.310325667971601,0.0459248833486735,0.00094323060541101
578.77,6.23418167942844,0.0317867219766509,0.00106425220700511
