"meanS","sdmeanS","meanFDR","sdmeanFDR"
145.79,3.43905950850379,0.0178875991212938,0.00116824515748712
211.23,1.75389062464919,0.0331256633915641,0.00110289652252537
