"meanS","sdmeanS","meanFDR","sdmeanFDR"
0.55,0.0978299906506541,0.00333333333333333,0.00333333333333333
2.61,0.32841677143163,0.0257896825396825,0.00782224849883028
