"meanS","sdmeanS","meanFDR","sdmeanFDR"
2596.7,2.70306597340236,0.0426567701287381,0.000518358957736685
2595.22,1.85856358133333,0.0350130001654364,0.000368571226530778
