"meanS","sdmeanS","meanFDR","sdmeanFDR"
0.3,0.0627645914460848,0.01,0.01
0.26,0.0705247288100945,0.0175,0.0113790299776529
