"meanS","sdmeanS","meanFDR","sdmeanFDR"
0.44,0.102809031557043,0.005,0.005
0.65,0.131329641541713,0.025,0.0148647097502641
