"meanS","sdmeanS","meanFDR","sdmeanFDR"
28.15,0.962149844479706,0.029697906279513,0.00311190355793175
39.95,0.859924239087198,0.0401305726930444,0.00323951017899649
