"meanS","sdmeanS","meanFDR","sdmeanFDR"
95.91,0.211342510077023,0.03907722728901,0.00202634735123173
96.38,0.18465364793843,0.0385620962076643,0.00181527269398893
