"meanS","sdmeanS","meanFDR","sdmeanFDR"
0.36,0.0627967701672175,0,0
0.46,0.090364022518127,0.00833333333333333,0.00598117135471061
