"meanS","sdmeanS","meanFDR","sdmeanFDR"
0.07,0.0293188669562103,0.015,0.0111350751676807
0,0,0,0
