"meanS","sdmeanS","meanFDR","sdmeanFDR"
516.4,1.30275543260111,0.0399783731709905,0.00106670715215993
518.86,0.967138860638727,0.0341002973295277,0.00083474319628142
