"meanS","sdmeanS","meanFDR","sdmeanFDR"
194.47,0.264939482321773,0.0446778013818798,0.001506107575593
195,0.238259683470949,0.0411252185067454,0.0013199140931726
