"meanS","sdmeanS","meanFDR","sdmeanFDR"
0.07,0.0325824517434794,0.00333333333333333,0.00333333333333333
0.03,0.0171446607997765,0,0
