"meanS","sdmeanS","meanFDR","sdmeanFDR"
150.32,0.751010094217223,0.0393055766150694,0.00168869630907191
154.73,0.676272463171793,0.0406344031859014,0.00149795954935462
