"meanS","sdmeanS","meanFDR","sdmeanFDR"
346.07,1.31926326241412,0.0456983001691923,0.00126838946976439
358,1.17481999480857,0.0477690953552141,0.00111222669636559
