"meanS","sdmeanS","meanFDR","sdmeanFDR"
479.12,0.46281527610698,0.0448931920637806,0.000991109553551626
470.68,4.28589134795373,0.0403071047615382,0.00147428211893544
