"meanS","sdmeanS","meanFDR","sdmeanFDR"
0.13,0.0393251147037697,0.01,0.00703526470681448
0.04,0.0196946385566932,0,0
