"meanS","sdmeanS","meanFDR","sdmeanFDR"
239.34,0.367415213884699,0.0478389465128943,0.00139674382369145
235.29,2.90048045480173,0.0447764167801164,0.0016619124209346
