"meanS","sdmeanS","meanFDR","sdmeanFDR"
206.09,4.11219165433959,0.0232683062654374,0.00133776555251781
294.46,2.17345881771963,0.0403891185828992,0.00115591504168724
