"meanS","sdmeanS","meanFDR","sdmeanFDR"
1967.68,0.601325136005405,0.0471356271781964,0.000528909933822826
1397.06,65.4091286064148,0.0110234014820882,0.00164278717647642
