"meanS","sdmeanS","meanFDR","sdmeanFDR"
79.96,2.01614293224273,0.0214478845967426,0.00179192665512887
118.84,1.3633529671847,0.0413322107980103,0.00191555616076154
