"meanS","sdmeanS","meanFDR","sdmeanFDR"
67.88,0.58934649649361,0.0412675435269344,0.00244081294847951
70.57,0.481633374124662,0.04050695096354,0.00231128095797356
