"meanS","sdmeanS","meanFDR","sdmeanFDR"
0.27,0.0664466064983872,0.002,0.002
0.14,0.0512864799952486,0.005,0.005
