"meanS","sdmeanS","meanFDR","sdmeanFDR"
972.53,0.58143934952127,0.0472519904251737,0.00072794609122027
814.92,27.9811938287273,0.0272335532327631,0.00216656816653498
