"meanS","sdmeanS","meanFDR","sdmeanFDR"
0.47,0.0892788164723697,0.0178571428571429,0.0114580697951366
0.45,0.106718737290547,0.0183333333333333,0.0110211000569202
