"meanS","sdmeanS","meanFDR","sdmeanFDR"
0.33,0.0682464340282755,0.00583333333333333,0.00414641543296869
1.26,0.216780855690578,0.0281488095238095,0.00938699412935566
