"meanS","sdmeanS","meanFDR","sdmeanFDR"
327.06,1.07354035270636,0.0399055538481485,0.00113955675457985
333.06,0.839771493691088,0.0396861228757644,0.000947012028192356
