"meanS","sdmeanS","meanFDR","sdmeanFDR"
418.8,7.42699145146957,0.0232167855515491,0.000968818335690814
591.11,3.10720553916638,0.0389583831123625,0.00081056550464282
