"meanS","sdmeanS","meanFDR","sdmeanFDR"
983.55,0.366632229787824,0.0466668620041672,0.000697947697989234
880.11,23.2276606917727,0.026159384504982,0.00181137199171717
