"meanS","sdmeanS","meanFDR","sdmeanFDR"
0.11,0.034509550720186,0.035,0.0177738316327429
0.03,0.0222701503353614,0.005,0.005
